trial,testing,parameters,initial_deadline,final_deadline,net_reward,actions,success
1,False,"{'a': 1, 'e': 1.0}",30,0,-141.5675751815466,"{0: 18, 1: 5, 2: 5, 3: 0, 4: 2}",0
2,False,"{'a': 1, 'e': 0.9704455335485082}",25,0,-125.86435358555376,"{0: 15, 1: 3, 2: 5, 3: 0, 4: 2}",0
3,False,"{'a': 1, 'e': 0.9417645335842487}",20,0,-126.17847134282704,"{0: 11, 1: 3, 2: 3, 3: 1, 4: 2}",0
4,False,"{'a': 1, 'e': 0.9139311852712282}",20,0,-179.19136071397133,"{0: 8, 1: 0, 2: 9, 3: 1, 4: 2}",0
5,False,"{'a': 1, 'e': 0.8869204367171575}",30,0,-111.55621914918294,"{0: 17, 1: 6, 2: 6, 3: 0, 4: 1}",0
6,False,"{'a': 1, 'e': 0.8607079764250578}",30,16,-106.4083311107276,"{0: 9, 1: 0, 2: 2, 3: 1, 4: 2}",1
